{"bounds": [-126.4002914428711, 46.85966491699218, -121.31835174560548, 51.10480117797852], "crs": "EPSG:4326", "depth": 1.5000030994415283}